id,reference,name,brand_id,brand_name,gender,description,price,image_url,is_available,created_at,updated_at
384,1101,Loverdose,95,Diesel,Women,,,photos/Fragrances/loverdose.avif,true,2025-09-18 18:30:34.629006+00,2025-09-18 18:33:46.670671+00
385,1102,Redkiss,95,Diesel,Women,,,photos/Fragrances/redkiss.avif,true,2025-09-18 18:30:34.629006+00,2025-09-18 18:33:46.760783+00
386,1103,Marc Jacobs Decadence,96,Marc Jacobs,Women,,,photos/Fragrances/Marc Jacobs Perfect Intense.avif,true,2025-09-18 18:30:34.629006+00,2025-09-18 18:33:46.834611+00
387,1104,Marc Jacobs Perfect,96,Marc Jacobs,Women,,,photos/Fragrances/Marc Jacobs Perfect Intense.avif,true,2025-09-18 18:30:34.629006+00,2025-09-18 18:33:46.920639+00
388,1105,Helena,,,Women,,,photos/Fragrances/helena.avif,true,2025-09-18 18:30:34.629006+00,2025-09-18 18:33:46.995879+00
389,1106,Choo,97,Jimmy Choo,Women,,,photos/Fragrances/jimmy choo.avif,true,2025-09-18 18:30:34.629006+00,2025-09-18 18:33:47.070623+00
390,1107,5Th Avenue,98,Elisabeth Arden,Women,,,photos/Fragrances/5th avenue.avif,true,2025-09-18 18:30:34.629006+00,2025-09-18 18:33:47.151038+00
391,1108,Eau Des Bienfaits,99,Roger Gallet,Women,,,photos/Fragrances/Chance Eau Tendre.avif,true,2025-09-18 18:30:34.629006+00,2025-09-18 18:33:47.241067+00
392,1109,Incidence,100,Yves De Sistelle,Women,,,photos/Fragrances/Incidence.avif,true,2025-09-18 18:30:34.629006+00,2025-09-18 18:33:47.316566+00
393,1110,Bulgari Jasmine Noir,101,Bvlgari,Women,,,photos/Fragrances/Bulgari Jasmine Noir.avif,true,2025-09-18 18:30:34.629006+00,2025-09-18 18:33:47.403459+00
394,1111,Marc Jacobs Perfect Intense,96,Marc Jacobs,Women,,,photos/Fragrances/Marc Jacobs Perfect Intense.avif,true,2025-09-18 18:30:34.629006+00,2025-09-18 18:33:47.475038+00
395,1201,Melle Eau Tres Belle,102,Azzaro,Women,,,photos/Fragrances/Coco Melle.avif,true,2025-09-18 18:30:34.629006+00,2025-09-18 18:33:47.557311+00
396,1202,Elle,102,Azzaro,Women,,,photos/Fragrances/Ambre Eternelle.avif,true,2025-09-18 18:30:34.629006+00,2025-09-18 18:33:47.640308+00
397,1204,1881,103,Cerruti,Women,,,photos/Fragrances/1881 for men.avif,true,2025-09-18 18:30:34.629006+00,2025-09-18 18:33:47.747304+00
398,1205,Crème Brûlée,,,Women,,,,true,2025-09-18 18:30:34.629006+00,2025-09-18 18:30:34.629006+00
399,1206,Love,104,Killian,Women,,,photos/Fragrances/V valentino.avif,true,2025-09-18 18:30:34.629006+00,2025-10-14 23:11:55.99282+00
400,1207,Paradox,105,Prada,Women,,,photos/Fragrances/Paradox Intens.avif,true,2025-09-18 18:30:34.629006+00,2025-09-18 18:33:47.924281+00
401,1208,Sugar,105,Prada,Women,,,photos/Fragrances/Sugar prada.avif,true,2025-09-18 18:30:34.629006+00,2025-09-18 18:33:48.028131+00
402,1209,Femme,105,Prada,Women,,,photos/Fragrances/prada femme.avif,true,2025-09-18 18:30:34.629006+00,2025-09-18 18:33:48.13859+00
403,1210,Paradox Intense,105,Prada,Women,,,photos/Fragrances/Paradox Intens.avif,true,2025-09-18 18:30:34.629006+00,2025-09-18 18:33:48.228564+00
404,1211,Good Girl Gone Bad,104,Killian,Women,,,photos/Fragrances/Good Girl Gone Bad.avif,true,2025-09-18 18:30:34.629006+00,2025-09-18 18:33:48.315524+00
405,1212,Sun Kissed Goddess,104,Killian,Women,,,photos/Fragrances/Melody Of The Sun.avif,true,2025-09-18 18:30:34.629006+00,2025-09-18 18:33:48.727017+00
406,1301,Winter,106,Zara,Women,,,photos/Fragrances/Winter zara.avif,true,2025-09-18 18:30:34.629006+00,2025-09-18 18:33:48.821295+00
407,1302,Nudes Bouquet,106,Zara,Women,,,photos/Fragrances/Nudes Bouquet.avif,true,2025-09-18 18:30:34.629006+00,2025-09-18 18:33:48.942494+00
408,1303,Orchid,106,Zara,Women,,,photos/Fragrances/Black Orchid.avif,true,2025-09-18 18:30:34.629006+00,2025-09-18 18:33:49.04103+00
409,1304,Rose,106,Zara,Women,,,photos/Fragrances/212 Vip Rose Smily.avif,true,2025-09-18 18:30:34.629006+00,2025-09-18 18:33:49.115883+00
410,1305,Black Amber,106,Zara,Women,,,photos/Fragrances/Black Afgano.avif,true,2025-09-18 18:30:34.629006+00,2025-09-18 18:33:49.227561+00
411,1306,Fruity,106,Zara,Women,,,,true,2025-09-18 18:30:34.629006+00,2025-09-18 18:30:34.629006+00
412,1307,Wonder Rose,106,Zara,Women,,,photos/Fragrances/Wonder Rose zara.avif,true,2025-09-18 18:30:34.629006+00,2025-09-18 18:33:49.328317+00
413,1308,Peony,106,Zara,Women,,,photos/Fragrances/Peony zara.avif,true,2025-09-18 18:30:34.629006+00,2025-09-18 18:33:49.425334+00
414,1309,Golden Decade,106,Zara,Women,,,photos/Fragrances/Golden Decade.avif,true,2025-09-18 18:30:34.629006+00,2025-09-18 18:33:49.546665+00
415,1310,Gardenia,106,Zara,Women,,,photos/Fragrances/Gardenia.avif,true,2025-09-18 18:30:34.629006+00,2025-09-18 18:33:49.657526+00
416,1311,Cherry Smoothie,106,Zara,Women,,,photos/Fragrances/Burning Cherry.avif,true,2025-09-18 18:30:34.629006+00,2025-09-18 18:33:49.746367+00
417,1312,Tropical,106,Zara,Women,,,photos/Fragrances/zara Tropical.avif,true,2025-09-18 18:30:34.629006+00,2025-09-18 18:33:49.889901+00
418,1313,Oriental,106,Zara,Women,,,photos/Fragrances/zara Oriental.avif,true,2025-09-18 18:30:34.629006+00,2025-09-18 18:33:49.977238+00
419,1314,Venice,106,Zara,Women,,,photos/Fragrances/Venice.avif,true,2025-09-18 18:30:34.629006+00,2025-09-18 18:33:50.064057+00
420,1315,Femme,106,Zara,Women,,,photos/Fragrances/prada femme.avif,true,2025-09-18 18:30:34.629006+00,2025-09-18 18:33:50.147462+00
421,1401,Flora,107,Gucci,Women,,,photos/Fragrances/gucci flora.avif,true,2025-09-18 18:30:34.629006+00,2025-09-18 18:33:50.24342+00
422,1402,Bloom,107,Gucci,Women,,,photos/Fragrances/gucci Bloom.avif,true,2025-09-18 18:30:34.629006+00,2025-09-18 18:33:50.338345+00
423,1403,Bamboo,107,Gucci,Women,,,,true,2025-09-18 18:30:34.629006+00,2025-09-18 18:30:34.629006+00
424,1404,Guilty Black,107,Gucci,Women,,,photos/Fragrances/Guilty.avif,true,2025-09-18 18:30:34.629006+00,2025-09-18 18:33:50.441233+00
425,1405,Envy Me,107,Gucci,Women,,,photos/Fragrances/Envy Me.avif,true,2025-09-18 18:30:34.629006+00,2025-09-18 18:33:50.522936+00
426,1406,Yellow Diamond,108,Versace,Women,,,photos/Fragrances/Yellow Diamond.avif,true,2025-09-18 18:30:34.629006+00,2025-09-18 18:33:50.609611+00
427,1407,Dylan Purple,108,Versace,Women,,,photos/Fragrances/Dylan Purple.avif,true,2025-09-18 18:30:34.629006+00,2025-09-18 18:33:50.694225+00
428,1408,Vanitas,108,Versace,Women,,,photos/Fragrances/Vanitas.avif,true,2025-09-18 18:30:34.629006+00,2025-09-18 18:33:50.784952+00
429,1409,Crystal Noir,108,Versace,Women,,,,true,2025-09-18 18:30:34.629006+00,2025-09-18 18:30:34.629006+00
430,1410,Bright Crystal,108,Versace,Women,,,photos/Fragrances/Bright Cristal Absolut.avif,true,2025-09-18 18:30:34.629006+00,2025-09-18 18:33:50.903457+00
431,1411,Eros,108,Versace,Women,,,photos/Fragrances/Eros Versace.avif,true,2025-09-18 18:30:34.629006+00,2025-09-18 18:33:50.990154+00
432,1412,Bright Crystal Absolute,108,Versace,Women,,,photos/Fragrances/Bright Cristal Absolut.avif,true,2025-09-18 18:30:34.629006+00,2025-09-18 18:33:51.076379+00
433,1501,Taj,109,Escada,Women,,,photos/Fragrances/Taj.avif,true,2025-09-18 18:30:34.629006+00,2025-09-18 18:33:51.149382+00
434,1502,Born In Paradise,109,Escada,Women,,,,true,2025-09-18 18:30:34.744589+00,2025-09-18 18:30:34.744589+00
435,1503,Red Sorbet,109,Escada,Women,,,,true,2025-09-18 18:30:34.744589+00,2025-09-18 18:30:34.744589+00
436,1504,Cherry In The Air,109,Escada,Women,,,,true,2025-09-18 18:30:34.744589+00,2025-09-18 18:30:34.744589+00
437,1505,Fiesta Karioka,109,Escada,Women,,,,true,2025-09-18 18:30:34.744589+00,2025-09-18 18:30:34.744589+00
438,1506,Collection,109,Escada,Women,,,,true,2025-09-18 18:30:34.744589+00,2025-09-18 18:30:34.744589+00
439,1507,Sexy Graffiti,109,Escada,Women,,,,true,2025-09-18 18:30:34.744589+00,2025-09-18 18:30:34.744589+00
440,1508,Candy Love,109,Escada,Women,,,,true,2025-09-18 18:30:34.744589+00,2025-09-18 18:30:34.744589+00
441,1509,Show Me,109,Escada,Women,,,,true,2025-09-18 18:30:34.744589+00,2025-09-18 18:30:34.744589+00
442,1510,Ocean Lounge,109,Escada,Women,,,,true,2025-09-18 18:30:34.744589+00,2025-09-18 18:30:34.744589+00
443,1511,Brisa Cubana,109,Escada,Women,,,,true,2025-09-18 18:30:34.744589+00,2025-09-18 18:30:34.744589+00
444,1601,Poison,110,Dior,Women,,,,true,2025-09-18 18:30:34.744589+00,2025-09-18 18:30:34.744589+00
445,1602,J'Adore,110,Dior,Women,,,,true,2025-09-18 18:30:34.744589+00,2025-09-18 18:30:34.744589+00
446,1603,J'Adore In Joy,110,Dior,Women,,,,true,2025-09-18 18:30:34.744589+00,2025-09-18 18:30:34.744589+00
447,1604,Joy,110,Dior,Women,,,,true,2025-09-18 18:30:34.744589+00,2025-09-18 18:30:34.744589+00
448,1605,Miss Dior Cherie,110,Dior,Women,,,,true,2025-09-18 18:30:34.744589+00,2025-09-18 18:30:34.744589+00
449,1606,J'Adore Lumière,110,Dior,Women,,,,true,2025-09-18 18:30:34.744589+00,2025-09-18 18:30:34.744589+00
450,1607,Miss Dior Blooming,110,Dior,Women,,,,true,2025-09-18 18:30:34.744589+00,2025-09-18 18:30:34.744589+00
451,1608,Poison Girl,110,Dior,Women,,,,true,2025-09-18 18:30:34.744589+00,2025-09-18 18:30:34.744589+00
452,1609,Hypnotic Poison,110,Dior,Women,,,,true,2025-09-18 18:30:34.744589+00,2025-09-18 18:30:34.744589+00
453,1610,Belle De Jour,110,Dior,Women,,,,true,2025-09-18 18:30:34.744589+00,2025-09-18 18:30:34.744589+00
454,1611,Sakura,110,Dior,Women,,,,true,2025-09-18 18:30:34.744589+00,2025-09-18 18:30:34.744589+00
455,1612,Happy Hour,110,Dior,Women,,,,true,2025-09-18 18:30:34.744589+00,2025-09-18 18:30:34.744589+00
456,1613,Addict,110,Dior,Women,,,,true,2025-09-18 18:30:34.744589+00,2025-09-18 18:30:34.744589+00
457,1614,Jadore L'Or,110,Dior,Women,,,,true,2025-09-18 18:30:34.744589+00,2025-09-18 18:30:34.744589+00
458,2101,Fantasy Midnight,111,Britney Spears,Women,,,,true,2025-09-18 18:30:34.744589+00,2025-09-18 18:30:34.744589+00
459,2102,Private Show,111,Britney Spears,Women,,,,true,2025-09-18 18:30:34.744589+00,2025-09-18 18:30:34.744589+00
460,2103,Fantasy,111,Britney Spears,Women,,,,true,2025-09-18 18:30:34.744589+00,2025-09-18 18:30:34.744589+00
461,2104,Paradiso,112,Roberto Cavalli,Women,,,,true,2025-09-18 18:30:34.744589+00,2025-09-18 18:30:34.744589+00
462,2105,Repetto,113,Repetto,Women,,,,true,2025-09-18 18:30:34.744589+00,2025-09-18 18:30:34.744589+00
463,2106,La Belle Fleur Terrible,114,Jean Paul Gaultier,Women,,,,true,2025-09-18 18:30:34.744589+00,2025-09-18 18:30:34.744589+00
464,2107,Scandal,114,Jean Paul Gaultier,Women,,,,true,2025-09-18 18:30:34.744589+00,2025-09-18 18:30:34.744589+00
465,2108,La Belle,114,Jean Paul Gaultier,Women,,,,true,2025-09-18 18:30:34.744589+00,2025-09-18 18:30:34.744589+00
466,2109,So Scandal,114,Jean Paul Gaultier,Women,,,,true,2025-09-18 18:30:34.744589+00,2025-09-18 18:30:34.744589+00
467,2110,Love Story,115,Chloe,Women,,,,true,2025-09-18 18:30:34.744589+00,2025-09-18 18:30:34.744589+00
468,2111,Chloe,115,Chloe,Women,,,,true,2025-09-18 18:30:34.744589+00,2025-09-18 18:30:34.744589+00
469,2112,Nomade,115,Chloe,Women,,,,true,2025-09-18 18:30:34.744589+00,2025-09-18 18:30:34.744589+00
470,2113,La Belle Paradise Garden,114,Jean Paul Gaultier,Women,,,,true,2025-09-18 18:30:34.744589+00,2025-09-18 18:30:34.744589+00
471,2114,Jean Paul Gautier Scandal Absolut -F-,114,Jean Paul Gaultier,Women,,,,true,2025-09-18 18:30:34.744589+00,2025-09-18 18:30:34.744589+00
472,2201,Melle,116,Rochas,Women,,,,true,2025-09-18 18:30:34.744589+00,2025-09-18 18:30:34.744589+00
473,2202,Girl,116,Rochas,Women,,,,true,2025-09-18 18:30:34.744589+00,2025-09-18 18:30:34.744589+00
474,2203,My,117,Burberry,Women,,,,true,2025-09-18 18:30:34.744589+00,2025-09-18 18:30:34.744589+00
475,2204,Her,117,Burberry,Women,,,,true,2025-09-18 18:30:34.744589+00,2025-09-18 18:30:34.744589+00
476,2205,Weekend,117,Burberry,Women,,,,true,2025-09-18 18:30:34.744589+00,2025-09-18 18:30:34.744589+00
477,2206,Black,117,Burberry,Women,,,,true,2025-09-18 18:30:34.744589+00,2025-09-18 18:30:34.744589+00
478,2207,Body,117,Burberry,Women,,,,true,2025-09-18 18:30:34.744589+00,2025-09-18 18:30:34.744589+00
479,2208,Her 2022,117,Burberry,Women,,,,true,2025-09-18 18:30:34.744589+00,2025-09-18 18:30:34.744589+00
480,2209,Her Elixir,117,Burberry,Women,,,,true,2025-09-18 18:30:34.744589+00,2025-09-18 18:30:34.744589+00
481,2210,Quelque Note D'Amour,118,Yves Rocher,Women,,,,true,2025-09-18 18:30:34.744589+00,2025-09-18 18:30:34.744589+00
482,2211,Moment De Bonheur,118,Yves Rocher,Women,,,,true,2025-09-18 18:30:34.744589+00,2025-09-18 18:30:34.744589+00
483,2212,So Elixir,118,Yves Rocher,Women,,,,true,2025-09-18 18:30:34.744589+00,2025-09-18 18:30:34.744589+00
484,2213,Plein Soleil,118,Yves Rocher,Women,,,,true,2025-09-18 18:30:34.897395+00,2025-09-18 18:30:34.897395+00
485,2214,Evidence,118,Yves Rocher,Women,,,,true,2025-09-18 18:30:34.897395+00,2025-09-18 18:30:34.897395+00
486,2215,Goddess,117,Burberry,Women,,,,true,2025-09-18 18:30:34.897395+00,2025-09-18 18:30:34.897395+00
487,2216,Comme Une Evidence,118,Yves Rocher,Women,,,,true,2025-09-18 18:30:34.897395+00,2025-09-18 18:30:34.897395+00
488,2302,Musc For Her,119,Narciso Rodriguez,Women,,,,true,2025-09-18 18:30:34.897395+00,2025-09-18 18:30:34.897395+00
489,2303,Poudré,119,Narciso Rodriguez,Women,,,,true,2025-09-18 18:30:34.897395+00,2025-09-18 18:30:34.897395+00
490,2304,Rouge,119,Narciso Rodriguez,Women,,,,true,2025-09-18 18:30:34.897395+00,2025-09-18 18:30:34.897395+00
491,2305,Because It'S You,120,Armani,Women,,,,true,2025-09-18 18:30:34.897395+00,2025-09-18 18:30:34.897395+00
492,2306,Cashmere,120,Armani,Women,,,,true,2025-09-18 18:30:34.897395+00,2025-09-18 18:30:34.897395+00
493,2307,Narciso Rodriguez FOR HER,119,Narciso Rodriguez,Women,,,,true,2025-09-18 18:30:34.897395+00,2025-09-18 18:30:34.897395+00
494,2301,My Way Floral,120,Armani,Women,,,,true,2025-09-18 18:30:34.897395+00,2025-09-18 18:30:34.897395+00
495,2308,My Way,120,Armani,Women,,,,true,2025-09-18 18:30:34.897395+00,2025-09-18 18:30:34.897395+00
496,2309,Si,120,Armani,Women,,,,true,2025-09-18 18:30:34.897395+00,2025-09-18 18:30:34.897395+00
497,2310,Si Passione,120,Armani,Women,,,,true,2025-09-18 18:30:34.897395+00,2025-09-18 18:30:34.897395+00
498,2312,L'Eau Coture,121,Elie Saab,Women,,,,true,2025-09-18 18:30:34.897395+00,2025-09-18 18:30:34.897395+00
499,2313,Royal,121,Elie Saab,Women,,,,true,2025-09-18 18:30:34.897395+00,2025-09-18 18:30:34.897395+00
500,2314,Girl Of Now,121,Elie Saab,Women,,,,true,2025-09-18 18:30:34.897395+00,2025-09-18 18:30:34.897395+00
501,2315,Vert Malachite,120,Armani,Women,,,,true,2025-09-18 18:30:34.897395+00,2025-09-18 18:30:34.897395+00
502,2316,Le Parfum,121,Elie Saab,Women,,,,true,2025-09-18 18:30:34.897395+00,2025-09-18 18:30:34.897395+00
503,2401,دلع البنات,,,Women,,,,true,2025-09-18 18:30:34.897395+00,2025-09-18 18:30:34.897395+00
504,2402,El Jazeera,,,Women,,,,true,2025-09-18 18:30:34.897395+00,2025-09-18 18:30:34.897395+00
505,2403,اميرة العرب,122,Lataffa,Women,,,,true,2025-09-18 18:30:34.897395+00,2025-09-18 18:30:34.897395+00
506,2404,عطر مريم,,,Women,,,,true,2025-09-18 18:30:34.897395+00,2025-09-18 18:30:34.897395+00
507,2405,صبايا,123,Al Rehab,Women,,,,true,2025-09-18 18:30:34.897395+00,2025-09-18 18:30:34.897395+00
508,2406,مسك الطهارة,,,Women,,,,true,2025-09-18 18:30:34.897395+00,2025-09-18 18:30:34.897395+00
509,2407,مسك الرمان,,,Women,,,,true,2025-09-18 18:30:34.897395+00,2025-09-18 18:30:34.897395+00
510,2408,مسك التوت,,,Women,,,,true,2025-09-18 18:30:34.897395+00,2025-09-18 18:30:34.897395+00
511,2409,هوس,,,Women,,,,true,2025-09-18 18:30:34.897395+00,2025-09-18 18:30:34.897395+00
512,2410,رسالة,,,Women,,,,true,2025-09-18 18:30:34.897395+00,2025-09-18 18:30:34.897395+00
513,2411,سحر الكلمات,,,Women,,,,true,2025-09-18 18:30:34.897395+00,2025-09-18 18:30:34.897395+00
514,2412,يارا Yara,122,Lataffa,Women,,,,true,2025-09-18 18:30:34.897395+00,2025-09-18 18:30:34.897395+00
515,2413,Yara Candy,122,Lataffa,Women,,,,true,2025-09-18 18:30:34.897395+00,2025-09-18 18:30:34.897395+00
516,2501,Bare Vanilla,124,Victoria'S Secret,Women,,,,true,2025-09-18 18:30:34.897395+00,2025-09-18 18:30:34.897395+00
517,2502,Coconut Passion,124,Victoria'S Secret,Women,,,,true,2025-09-18 18:30:34.897395+00,2025-09-18 18:30:34.897395+00
518,2503,Wicked,124,Victoria'S Secret,Women,,,,true,2025-09-18 18:30:34.897395+00,2025-09-18 18:30:34.897395+00
519,2504,Jasmine Allure,124,Victoria'S Secret,Women,,,,true,2025-09-18 18:30:34.897395+00,2025-09-18 18:30:34.897395+00
520,2505,Very Sexy,124,Victoria'S Secret,Women,,,,true,2025-09-18 18:30:34.897395+00,2025-09-18 18:30:34.897395+00
521,2506,Bombshell Magic,124,Victoria'S Secret,Women,,,,true,2025-09-18 18:30:34.897395+00,2025-09-18 18:30:34.897395+00
522,2507,Bombshell Night,124,Victoria'S Secret,Women,,,,true,2025-09-18 18:30:34.897395+00,2025-09-18 18:30:34.897395+00
523,2508,Eau So Sexy,124,Victoria'S Secret,Women,,,,true,2025-09-18 18:30:34.897395+00,2025-09-18 18:30:34.897395+00
524,2509,Compassion,124,Victoria'S Secret,Women,,,,true,2025-09-18 18:30:34.897395+00,2025-09-18 18:30:34.897395+00
525,2510,Bombshell Holiday,124,Victoria'S Secret,Women,,,,true,2025-09-18 18:30:34.897395+00,2025-09-18 18:30:34.897395+00
526,2511,Smoke Oud,125,Kayali,Women,,,,true,2025-09-18 18:30:34.897395+00,2025-09-18 18:30:34.897395+00
527,2512,Eden Apple Juicy,125,Kayali,Women,,,,true,2025-09-18 18:30:34.897395+00,2025-09-18 18:30:34.897395+00
528,2513,Burning Cherry,125,Kayali,Women,,,,true,2025-09-18 18:30:34.897395+00,2025-09-18 18:30:34.897395+00
529,2514,Vanilla,125,Kayali,Women,,,,true,2025-09-18 18:30:34.897395+00,2025-09-18 18:30:34.897395+00
530,2515,Eden Sparkling Lychee,125,Kayali,Women,,,,true,2025-09-18 18:30:34.897395+00,2025-09-18 18:30:34.897395+00
531,2516,Very Sexy Touch,124,Victoria'S Secret,Women,,,,true,2025-09-18 18:30:34.897395+00,2025-09-18 18:30:34.897395+00
532,2517,Pistachio,125,Kayali,Women,,,,true,2025-09-18 18:30:34.897395+00,2025-09-18 18:30:34.897395+00
533,2518,Smoky Oud,125,Kayali,Women,,,,true,2025-09-18 18:30:34.897395+00,2025-09-18 18:30:34.897395+00
534,2601,Cloud,126,Ariana Grande,Women,,,,true,2025-09-18 18:30:34.97826+00,2025-09-18 18:30:34.97826+00
535,2602,Suprême Bouquet,127,Yves Saint Laurent,Women,,,,true,2025-09-18 18:30:34.97826+00,2025-09-18 18:30:34.97826+00
536,2603,Libre,127,Yves Saint Laurent,Women,,,,true,2025-09-18 18:30:34.97826+00,2025-09-18 18:30:34.97826+00
537,2604,Mon Paris,127,Yves Saint Laurent,Women,,,,true,2025-09-18 18:30:34.97826+00,2025-09-18 18:30:34.97826+00
538,2605,Paris,127,Yves Saint Laurent,Women,,,,true,2025-09-18 18:30:34.97826+00,2025-09-18 18:30:34.97826+00
539,2606,Yvress,127,Yves Saint Laurent,Women,,,,true,2025-09-18 18:30:34.97826+00,2025-09-18 18:30:34.97826+00
540,2607,Cinema,127,Yves Saint Laurent,Women,,,,true,2025-09-18 18:30:34.97826+00,2025-09-18 18:30:34.97826+00
541,2608,Manifesto,127,Yves Saint Laurent,Women,,,,true,2025-09-18 18:30:34.97826+00,2025-09-18 18:30:34.97826+00
542,2609,Parisienne,127,Yves Saint Laurent,Women,,,,true,2025-09-18 18:30:34.97826+00,2025-09-18 18:30:34.97826+00
543,2610,Black Opium,127,Yves Saint Laurent,Women,,,,true,2025-09-18 18:30:34.97826+00,2025-09-18 18:30:34.97826+00
544,2611,Black Opium Nuit Blanche,127,Yves Saint Laurent,Women,,,,true,2025-09-18 18:30:34.97826+00,2025-09-18 18:30:34.97826+00
545,2701,Elixir,128,Lacoste,Women,,,,true,2025-09-18 18:30:34.97826+00,2025-09-18 18:30:34.97826+00
546,2702,Legere,128,Lacoste,Women,,,,true,2025-09-18 18:30:34.97826+00,2025-09-18 18:30:34.97826+00
547,2703,Touch Of Pink,128,Lacoste,Women,,,,true,2025-09-18 18:30:34.97826+00,2025-09-18 18:30:34.97826+00
548,2704,Pineapple,129,Dolce&Gabbana,Women,,,,true,2025-09-18 18:30:34.97826+00,2025-09-18 18:30:34.97826+00
549,2705,Queen,129,Dolce&Gabbana,Women,,,,true,2025-09-18 18:30:34.97826+00,2025-09-18 18:30:34.97826+00
550,2706,Light Blue Intense,129,Dolce&Gabbana,Women,,,,true,2025-09-18 18:30:34.97826+00,2025-09-18 18:30:34.97826+00
551,2707,Light Blue,129,Dolce&Gabbana,Women,,,,true,2025-09-18 18:30:34.97826+00,2025-09-18 18:30:34.97826+00
552,2708,The One Gold,129,Dolce&Gabbana,Women,,,,true,2025-09-18 18:30:34.97826+00,2025-09-18 18:30:34.97826+00
553,2709,The One Desire,129,Dolce&Gabbana,Women,,,,true,2025-09-18 18:30:34.97826+00,2025-09-18 18:30:34.97826+00
554,2710,The Only One,129,Dolce&Gabbana,Women,,,,true,2025-09-18 18:30:34.97826+00,2025-09-18 18:30:34.97826+00
555,2711,The One,129,Dolce&Gabbana,Women,,,,true,2025-09-18 18:30:34.97826+00,2025-09-18 18:30:34.97826+00
556,2712,Rose The One,130,Dolce&Gabanna,Women,,,,true,2025-09-18 18:30:34.97826+00,2025-09-18 18:30:34.97826+00
557,2713,L'Impératrice,130,Dolce&Gabanna,Women,,,,true,2025-09-18 18:30:34.97826+00,2025-09-18 18:30:34.97826+00
558,2714,Magnetic,128,Lacoste,Women,,,,true,2025-09-18 18:30:34.97826+00,2025-09-18 18:30:34.97826+00
559,2715,Devotion,130,Dolce&Gabanna,Women,,,,true,2025-09-18 18:30:34.97826+00,2025-09-18 18:30:34.97826+00
560,2801,2006,131,Nina Ricci,Women,,,,true,2025-09-18 18:30:34.97826+00,2025-09-18 18:30:34.97826+00
561,2802,L'Extase,131,Nina Ricci,Women,,,,true,2025-09-18 18:30:34.97826+00,2025-09-18 18:30:34.97826+00
562,2803,Luna,131,Nina Ricci,Women,,,,true,2025-09-18 18:30:34.97826+00,2025-09-18 18:30:34.97826+00
563,2804,1E Jour,131,Nina Ricci,Women,,,,true,2025-09-18 18:30:34.97826+00,2025-09-18 18:30:34.97826+00
564,2805,Love,131,Nina Ricci,Women,,,,true,2025-09-18 18:30:34.97826+00,2025-09-18 18:30:34.97826+00
565,2806,Air Du Temps,131,Nina Ricci,Women,,,,true,2025-09-18 18:30:34.97826+00,2025-09-18 18:30:34.97826+00
566,2807,Sucre Noir,132,Arte Profumi,Women,,,,true,2025-09-18 18:30:34.97826+00,2025-09-18 18:30:34.97826+00
567,2808,Loulou,133,Cacharel,Women,,,,true,2025-09-18 18:30:34.97826+00,2025-09-18 18:30:34.97826+00
568,2809,Amor,133,Cacharel,Women,,,,true,2025-09-18 18:30:34.97826+00,2025-09-18 18:30:34.97826+00
569,2810,Anais,133,Cacharel,Women,,,,true,2025-09-18 18:30:34.97826+00,2025-09-18 18:30:34.97826+00
570,2811,Yes I Am,133,Cacharel,Women,,,,true,2025-09-18 18:30:34.97826+00,2025-09-18 18:30:34.97826+00
571,2812,Noa,133,Cacharel,Women,,,,true,2025-09-18 18:30:34.97826+00,2025-09-18 18:30:34.97826+00
572,2813,Promesse,133,Cacharel,Women,,,,true,2025-09-18 18:30:34.97826+00,2025-09-18 18:30:34.97826+00
573,2814,Eden,133,Cacharel,Women,,,,true,2025-09-18 18:30:34.97826+00,2025-09-18 18:30:34.97826+00
574,2901,Sun Java,134,Franck Olivier,Women,,,,true,2025-09-18 18:30:34.97826+00,2025-09-18 18:30:34.97826+00
575,2902,Passion,134,Franck Olivier,Women,,,,true,2025-09-18 18:30:34.97826+00,2025-09-18 18:30:34.97826+00
576,2903,Nature,134,Franck Olivier,Women,,,,true,2025-09-18 18:30:34.97826+00,2025-09-18 18:30:34.97826+00
577,2904,One Kiss,134,Franck Olivier,Women,,,,true,2025-09-18 18:30:34.97826+00,2025-09-18 18:30:34.97826+00
578,2905,In Pink,134,Franck Olivier,Women,,,,true,2025-09-18 18:30:34.97826+00,2025-09-18 18:30:34.97826+00
579,2906,Bella,134,Franck Olivier,Women,,,,true,2025-09-18 18:30:34.97826+00,2025-09-18 18:30:34.97826+00
580,2907,Miss,134,Franck Olivier,Women,,,,true,2025-09-18 18:30:34.97826+00,2025-09-18 18:30:34.97826+00
581,2908,Jardin Sur Le Nil,135,Hermes,Women,,,,true,2025-09-18 18:30:34.97826+00,2025-09-18 18:30:34.97826+00
582,2909,La Panthère,136,Cartier,Women,,,,true,2025-09-18 18:30:34.97826+00,2025-09-18 18:30:34.97826+00
583,2910,Baise Voler,136,Cartier,Women,,,,true,2025-09-18 18:30:34.97826+00,2025-09-18 18:30:34.97826+00
584,3102,Lolita Land,137,Lolita Land,Women,,,,true,2025-09-18 18:30:35.090727+00,2025-09-18 18:30:35.090727+00
585,3103,L'Eau En Blanc,137,Lolita Land,Women,,,,true,2025-09-18 18:30:35.090727+00,2025-09-18 18:30:35.090727+00
586,3104,Alien,138,Thierry Mugler,Women,,,,true,2025-09-18 18:30:35.090727+00,2025-09-18 18:30:35.090727+00
587,3105,Aura,138,Thierry Mugler,Women,,,,true,2025-09-18 18:30:35.090727+00,2025-09-18 18:30:35.090727+00
588,3106,Serpont De Bohème,139,Boucheron,Women,,,,true,2025-09-18 18:30:35.090727+00,2025-09-18 18:30:35.090727+00
589,3107,Oxygene,140,Lanvin,Women,,,,true,2025-09-18 18:30:35.090727+00,2025-09-18 18:30:35.090727+00
590,3108,Modern Princesse,140,Lanvin,Women,,,,true,2025-09-18 18:30:35.090727+00,2025-09-18 18:30:35.090727+00
591,3109,Eclat D'Arpège,140,Lanvin,Women,,,,true,2025-09-18 18:30:35.090727+00,2025-09-18 18:30:35.090727+00
592,3110,Eclat De Fleurs,140,Lanvin,Women,,,,true,2025-09-18 18:30:35.090727+00,2025-09-18 18:30:35.090727+00
593,3111,Alien Hypersense,138,Thierry Mugler,Women,,,,true,2025-09-18 18:30:35.090727+00,2025-09-18 18:30:35.090727+00
594,3112,Cool Water Blue,141,Davidoff,Women,,,,true,2025-09-18 18:30:35.090727+00,2025-09-18 18:30:35.090727+00
595,3201,Hot Coture,142,Givenchy,Women,,,,true,2025-09-18 18:30:35.090727+00,2025-09-18 18:30:35.090727+00
596,3202,Ange Ou Demon Le Secret,142,Givenchy,Women,,,,true,2025-09-18 18:30:35.090727+00,2025-09-18 18:30:35.090727+00
597,3203,Play Intense,142,Givenchy,Women,,,,true,2025-09-18 18:30:35.090727+00,2025-09-18 18:30:35.090727+00
598,3204,Amarige,142,Givenchy,Women,,,,true,2025-09-18 18:30:35.090727+00,2025-09-18 18:30:35.090727+00
599,3205,Organza,142,Givenchy,Women,,,,true,2025-09-18 18:30:35.090727+00,2025-09-18 18:30:35.090727+00
600,3206,L'Interdit Rouge,142,Givenchy,Women,,,,true,2025-09-18 18:30:35.090727+00,2025-09-18 18:30:35.090727+00
601,3207,L'Interdit,142,Givenchy,Women,,,,true,2025-09-18 18:30:35.090727+00,2025-09-18 18:30:35.090727+00
602,3208,Very Irresistible Live,142,Givenchy,Women,,,,true,2025-09-18 18:30:35.090727+00,2025-09-18 18:30:35.090727+00
603,3209,Very Irresistible,142,Givenchy,Women,,,,true,2025-09-18 18:30:35.090727+00,2025-09-18 18:30:35.090727+00
604,3210,Irresistible,142,Givenchy,Women,,,,true,2025-09-18 18:30:35.090727+00,2025-09-18 18:30:35.090727+00
605,3211,Dahlia Divin L'Eau Initiale,142,Givenchy,Women,,,,true,2025-09-18 18:30:35.090727+00,2025-09-18 18:30:35.090727+00
606,3212,Dahlia Divin,142,Givenchy,Women,,,,true,2025-09-18 18:30:35.090727+00,2025-09-18 18:30:35.090727+00
607,3301,Shock Street,143,Calvin Klein,Women,,,,true,2025-09-18 18:30:35.090727+00,2025-09-18 18:30:35.090727+00
608,3302,Ckin2You,143,Calvin Klein,Women,,,,true,2025-09-18 18:30:35.090727+00,2025-09-18 18:30:35.090727+00
609,3303,Mon Guerlain,144,Guerlain,Women,,,,true,2025-09-18 18:30:35.090727+00,2025-09-18 18:30:35.090727+00
610,3304,La Petite Robe Noir,144,Guerlain,Women,,,,true,2025-09-18 18:30:35.090727+00,2025-09-18 18:30:35.090727+00
611,3305,Idylle,144,Guerlain,Women,,,,true,2025-09-18 18:30:35.090727+00,2025-09-18 18:30:35.090727+00
612,3306,L'Instant F,144,Guerlain,Women,,,,true,2025-09-18 18:30:35.090727+00,2025-09-18 18:30:35.090727+00
613,3307,Samsara,144,Guerlain,Women,,,,true,2025-09-18 18:30:35.090727+00,2025-09-18 18:30:35.090727+00
614,3308,Insolence,144,Guerlain,Women,,,,true,2025-09-18 18:30:35.090727+00,2025-09-18 18:30:35.090727+00
615,3309,Good Girl Velvet,145,Carolina Herrera,Women,,,,true,2025-09-18 18:30:35.090727+00,2025-09-18 18:30:35.090727+00
616,3310,212 Vip Rose Smily,145,Carolina Herrera,Women,,,,true,2025-09-18 18:30:35.090727+00,2025-09-18 18:30:35.090727+00
617,3311,Good Girl,145,Carolina Herrera,Women,,,,true,2025-09-18 18:30:35.090727+00,2025-09-18 18:30:35.090727+00
619,3313,Pas Ce Soir,146,Bdk,Women,,,,true,2025-09-18 18:30:35.090727+00,2025-09-18 18:30:35.090727+00
620,3314,Sense,147,Laverne,Women,,,,true,2025-09-18 18:30:35.090727+00,2025-09-18 18:30:35.090727+00
621,3401,Flower,148,Kenzo,Women,,,,true,2025-09-18 18:30:35.090727+00,2025-09-18 18:30:35.090727+00
622,3402,Flower Poppy,148,Kenzo,Women,,,,true,2025-09-18 18:30:35.090727+00,2025-09-18 18:30:35.090727+00
623,3403,World,148,Kenzo,Women,,,,true,2025-09-18 18:30:35.090727+00,2025-09-18 18:30:35.090727+00
624,3404,Idole Aura,149,Lancome,Women,,,,true,2025-09-18 18:30:35.090727+00,2025-09-18 18:30:35.090727+00
625,3405,Idole,149,Lancome,Women,,,,true,2025-09-18 18:30:35.090727+00,2025-09-18 18:30:35.090727+00
626,3406,La Vie Est Belle,149,Lancome,Women,,,,true,2025-09-18 18:30:35.090727+00,2025-09-18 18:30:35.090727+00
627,3407,Miracle,149,Lancome,Women,,,,true,2025-09-18 18:30:35.090727+00,2025-09-18 18:30:35.090727+00
628,3408,Nuit Tresor Fleur De Nuit,149,Lancome,Women,,,,true,2025-09-18 18:30:35.090727+00,2025-09-18 18:30:35.090727+00
629,3409,Nuit Tresor,149,Lancome,Women,,,,true,2025-09-18 18:30:35.090727+00,2025-09-18 18:30:35.090727+00
630,3410,Tresor Midnight Rose,149,Lancome,Women,,,,true,2025-09-18 18:30:35.090727+00,2025-09-18 18:30:35.090727+00
631,3411,Nuit Tresor A La Folie,149,Lancome,Women,,,,true,2025-09-18 18:30:35.090727+00,2025-09-18 18:30:35.090727+00
632,3412,Hypnose,149,Lancome,Women,,,,true,2025-09-18 18:30:35.090727+00,2025-09-18 18:30:35.090727+00
633,3413,Tresor,149,Lancome,Women,,,,true,2025-09-18 18:30:35.090727+00,2025-09-18 18:30:35.090727+00
634,3414,Idole Nectar,149,Lancome,Women,,,,true,2025-09-18 18:30:35.189805+00,2025-09-18 18:30:35.189805+00
635,3415,La Vie Est Belle Extraordinaire,149,Lancome,Women,,,,true,2025-09-18 18:30:35.189805+00,2025-09-18 18:30:35.189805+00
636,3501,The Scent F,150,Hugo Boss,Women,,,,true,2025-09-18 18:30:35.189805+00,2025-09-18 18:30:35.189805+00
637,3502,Women,150,Hugo Boss,Women,,,,true,2025-09-18 18:30:35.189805+00,2025-09-18 18:30:35.189805+00
638,3503,Nuit,150,Hugo Boss,Women,,,,true,2025-09-18 18:30:35.189805+00,2025-09-18 18:30:35.189805+00
639,3504,Jour,150,Hugo Boss,Women,,,,true,2025-09-18 18:30:35.189805+00,2025-09-18 18:30:35.189805+00
640,3505,Ma Vie,150,Hugo Boss,Women,,,,true,2025-09-18 18:30:35.189805+00,2025-09-18 18:30:35.189805+00
641,3506,Ultraviolet,151,Paco Rabbane,Women,,,,true,2025-09-18 18:30:35.189805+00,2025-09-18 18:30:35.189805+00
642,3507,Black Xs L'Excès,151,Paco Rabbane,Women,,,,true,2025-09-18 18:30:35.189805+00,2025-09-18 18:30:35.189805+00
643,3508,Fame,151,Paco Rabbane,Women,,,,true,2025-09-18 18:30:35.189805+00,2025-09-18 18:30:35.189805+00
644,3509,Lady Million Royal,151,Paco Rabbane,Women,,,,true,2025-09-18 18:30:35.189805+00,2025-09-18 18:30:35.189805+00
645,3510,Lady Million Lucky,151,Paco Rabbane,Women,,,,true,2025-09-18 18:30:35.189805+00,2025-09-18 18:30:35.189805+00
646,3511,Lady Million,151,Paco Rabbane,Women,,,,true,2025-09-18 18:30:35.189805+00,2025-09-18 18:30:35.189805+00
647,3512,Olympea,151,Paco Rabbane,Women,,,,true,2025-09-18 18:30:35.189805+00,2025-09-18 18:30:35.189805+00
648,3513,Strong Me,151,Paco Rabbane,Women,,,,true,2025-09-18 18:30:35.189805+00,2025-09-18 18:30:35.189805+00
649,3514,Women,152,Shalis,Women,,,,true,2025-09-18 18:30:35.189805+00,2025-09-18 18:30:35.189805+00
650,3601,Chance Eau Tendre,153,Chanel,Women,,,,true,2025-09-18 18:30:35.189805+00,2025-09-18 18:30:35.189805+00
651,3602,Leau Rouge N1,153,Chanel,Women,,,,true,2025-09-18 18:30:35.189805+00,2025-09-18 18:30:35.189805+00
652,3603,Chance Eau Vive,153,Chanel,Women,,,,true,2025-09-18 18:30:35.189805+00,2025-09-18 18:30:35.189805+00
653,3604,Chance,153,Chanel,Women,,,,true,2025-09-18 18:30:35.189805+00,2025-09-18 18:30:35.189805+00
654,3605,Allure,153,Chanel,Women,,,,true,2025-09-18 18:30:35.189805+00,2025-09-18 18:30:35.189805+00
655,3606,Gabrielle,153,Chanel,Women,,,,true,2025-09-18 18:30:35.189805+00,2025-09-18 18:30:35.189805+00
656,3607,N5,153,Chanel,Women,,,,true,2025-09-18 18:30:35.189805+00,2025-09-18 18:30:35.189805+00
657,3608,N19,153,Chanel,Women,,,,true,2025-09-18 18:30:35.189805+00,2025-09-18 18:30:35.189805+00
658,3609,Coco Mademoiselle,153,Chanel,Women,,,,true,2025-09-18 18:30:35.189805+00,2025-09-18 18:30:35.189805+00
659,3610,Afternoon Swim,154,Luis Vuitton,Mixte,,,,true,2025-09-18 18:30:35.189805+00,2025-09-18 18:30:35.189805+00
660,3611,Contre Moi,154,Luis Vuitton,Mixte,,,,true,2025-09-18 18:30:35.189805+00,2025-09-18 18:30:35.189805+00
661,3612,On The Beach,154,Luis Vuitton,Mixte,,,,true,2025-09-18 18:30:35.189805+00,2025-09-18 18:30:35.189805+00
662,3613,Renaissance,155,Xerjoff,Mixte,,,,true,2025-09-18 18:30:35.189805+00,2025-09-18 18:30:35.189805+00
663,3614,Pacific Chill,154,Luis Vuitton,Mixte,,,,true,2025-09-18 18:30:35.189805+00,2025-09-18 18:30:35.189805+00
664,3615,Imagination,154,Luis Vuitton,Mixte,,,,true,2025-09-18 18:30:35.189805+00,2025-09-18 18:30:35.189805+00
665,4101,طيب الحجاز,,,Mixte,,,,true,2025-09-18 18:30:35.189805+00,2025-09-18 18:30:35.189805+00
666,4102,مخلط شوكو,123,Al Rehab,Mixte,,,,true,2025-09-18 18:30:35.189805+00,2025-09-18 18:30:35.189805+00
667,4103,عطر دلال,123,Al Rehab,Mixte,,,,true,2025-09-18 18:30:35.189805+00,2025-09-18 18:30:35.189805+00
668,4104,مسك الحجرة,,,Mixte,,,,true,2025-09-18 18:30:35.189805+00,2025-09-18 18:30:35.189805+00
669,4105,كراميل,,,Mixte,,,,true,2025-09-18 18:30:35.189805+00,2025-09-18 18:30:35.189805+00
670,4107,وصال الذهب,,,Mixte,,,,true,2025-09-18 18:30:35.189805+00,2025-09-18 18:30:35.189805+00
671,4108,عود كمبودي,,,Mixte,,,,true,2025-09-18 18:30:35.189805+00,2025-09-18 18:30:35.189805+00
672,4109,عود فاخر,,,Mixte,,,,true,2025-09-18 18:30:35.189805+00,2025-09-18 18:30:35.189805+00
673,4110,جواد الليل,,,Mixte,,,,true,2025-09-18 18:30:35.189805+00,2025-09-18 18:30:35.189805+00
674,4111,عود شغف,,,Mixte,,,,true,2025-09-18 18:30:35.189805+00,2025-09-18 18:30:35.189805+00
675,4112,طيب اليمن,,,Mixte,,,,true,2025-09-18 18:30:35.189805+00,2025-09-18 18:30:35.189805+00
676,4113,أمير العود,,,Mixte,,,,true,2025-09-18 18:30:35.189805+00,2025-09-18 18:30:35.189805+00
677,4114,جدور العود,,,Mixte,,,,true,2025-09-18 18:30:35.189805+00,2025-09-18 18:30:35.189805+00
678,4201,Bois De Oud,156,Solinote,Mixte,,,,true,2025-09-18 18:30:35.189805+00,2025-09-18 18:30:35.189805+00
679,4202,Tobacco,157,Banafaa,Mixte,,,,true,2025-09-18 18:30:35.189805+00,2025-09-18 18:30:35.189805+00
680,4203,Oud Touch,134,Franck Olivier,Mixte,,,,true,2025-09-18 18:30:35.189805+00,2025-09-18 18:30:35.189805+00
681,4204,Blue Touch,134,Franck Olivier,Mixte,,,,true,2025-09-18 18:30:35.189805+00,2025-09-18 18:30:35.189805+00
682,4205,Tobacco Vanille,158,Tom Ford,Mixte,,,,true,2025-09-18 18:30:35.189805+00,2025-09-18 18:30:35.189805+00
683,4206,Lost Cherry,158,Tom Ford,Mixte,,,,true,2025-09-18 18:30:35.189805+00,2025-09-18 18:30:35.189805+00
684,4207,Tobacco Oud,158,Tom Ford,Mixte,,,,true,2025-09-18 18:30:35.27956+00,2025-09-18 18:30:35.27956+00
685,4208,Jasmine Musc,158,Tom Ford,Mixte,,,,true,2025-09-18 18:30:35.27956+00,2025-09-18 18:30:35.27956+00
686,4209,Oud Vanille,134,Franck Olivier,Mixte,,,,true,2025-09-18 18:30:35.27956+00,2025-09-18 18:30:35.27956+00
687,4301,Oud Esfahane,110,Dior,Mixte,,,,true,2025-09-18 18:30:35.27956+00,2025-09-18 18:30:35.27956+00
688,4302,Kirke,159,Tiziana Tirenzi,Mixte,,,,true,2025-09-18 18:30:35.27956+00,2025-09-18 18:30:35.27956+00
689,4303,Al Thair,160,Parfums de Marly,Mixte,,,,true,2025-09-18 18:30:35.27956+00,2025-09-18 18:30:35.27956+00
690,4304,Carlisle,160,Parfums de Marly,Mixte,,,,true,2025-09-18 18:30:35.27956+00,2025-09-18 18:30:35.27956+00
691,4305,Orza Tiziana Tirrenzi,159,Tiziana Tirenzi,Mixte,,,,true,2025-09-18 18:30:35.27956+00,2025-09-18 18:30:35.27956+00
692,4306,Fluidity Gold,161,Kurkidjian,Mixte,,,,true,2025-09-18 18:30:35.27956+00,2025-09-18 18:30:35.27956+00
693,4307,Oud Satin Mood,161,Kurkidjian,Mixte,,,,true,2025-09-18 18:30:35.27956+00,2025-09-18 18:30:35.27956+00
694,4308,Baccarat Rouge,161,Kurkidjian,Mixte,,,,true,2025-09-18 18:30:35.27956+00,2025-09-18 18:30:35.27956+00
695,4309,Rose Darabie,120,Armani,Mixte,,,,true,2025-09-18 18:30:35.27956+00,2025-09-18 18:30:35.27956+00
696,4310,Oud,120,Armani,Mixte,,,,true,2025-09-18 18:30:35.27956+00,2025-09-18 18:30:35.27956+00
697,4311,Ombre Nomade,154,Luis Vuitton,Mixte,,,,true,2025-09-18 18:30:35.27956+00,2025-09-18 18:30:35.27956+00
698,4312,Delina,160,Parfums de Marly,Mixte,,,,true,2025-09-18 18:30:35.27956+00,2025-09-18 18:30:35.27956+00
699,4313,Alexandria II,155,Xerjoff,Mixte,,,,true,2025-09-18 18:30:35.27956+00,2025-09-18 18:30:35.27956+00
700,4401,Oud,112,Roberto Cavalli,Mixte,,,,true,2025-09-18 18:30:35.27956+00,2025-09-18 18:30:35.27956+00
701,4402,Spicebomb,162,Viktor&Rolf,Mixte,,,,true,2025-09-18 18:30:35.27956+00,2025-09-18 18:30:35.27956+00
702,4403,Oud,107,Gucci,Mixte,,,,true,2025-09-18 18:30:35.27956+00,2025-09-18 18:30:35.27956+00
703,4404,Botled Oud,150,Hugo Boss,Mixte,,,,true,2025-09-18 18:30:35.27956+00,2025-09-18 18:30:35.27956+00
704,4405,Supreme Oud Ralph Lauren,163,Polo,Mixte,,,,true,2025-09-18 18:30:35.27956+00,2025-09-18 18:30:35.27956+00
705,4406,Musc Ravageur,164,Frédéric Malle,Mixte,,,,true,2025-09-18 18:30:35.27956+00,2025-09-18 18:30:35.27956+00
706,4407,Share By Killian,104,Killian,Mixte,,,,true,2025-09-18 18:30:35.27956+00,2025-09-18 18:30:35.27956+00
707,4408,Hot Killian,104,Killian,Mixte,,,,true,2025-09-18 18:30:35.27956+00,2025-09-18 18:30:35.27956+00
708,4409,Naxos,155,Xerjoff,Mixte,,,,true,2025-09-18 18:30:35.27956+00,2025-09-18 18:30:35.27956+00
709,4410,Soft,,,Mixte,,,,true,2025-09-18 18:30:35.27956+00,2025-09-18 18:30:35.27956+00
710,4411,Velvet Tendre Oud,129,Dolce&Gabbana,Mixte,,,,true,2025-09-18 18:30:35.27956+00,2025-09-18 18:30:35.27956+00
711,4412,N5 Amber Sensuelle,165,Mateu,Mixte,,,,true,2025-09-18 18:30:35.27956+00,2025-09-18 18:30:35.27956+00
712,4413,Ambre Eternelle,144,Guerlain,Mixte,,,,true,2025-09-18 18:30:35.27956+00,2025-09-18 18:30:35.27956+00
713,4501,Oud,106,Zara,Mixte,,,,true,2025-09-18 18:30:35.27956+00,2025-09-18 18:30:35.27956+00
714,4502,Black Afgano,166,Nasomatto,Mixte,,,,true,2025-09-18 18:30:35.27956+00,2025-09-18 18:30:35.27956+00
715,4503,Encre Noir,167,La Lique,Mixte,,,,true,2025-09-18 18:30:35.27956+00,2025-09-18 18:30:35.27956+00
716,4504,Hacivat,168,Nishane,Mixte,,,,true,2025-09-18 18:30:35.27956+00,2025-09-18 18:30:35.27956+00
717,4505,M7 Oud Asolu,127,Yves Saint Laurent,Mixte,,,,true,2025-09-18 18:30:35.27956+00,2025-09-18 18:30:35.27956+00
718,4506,Almaz,169,Kajal,Mixte,,,,true,2025-09-18 18:30:35.27956+00,2025-09-18 18:30:35.27956+00
719,4601,Invictus Victory Elixir,151,Paco Rabbane,Men,,,,true,2025-09-18 18:30:35.27956+00,2025-09-18 18:30:35.27956+00
720,4602,Ultraviolet,151,Paco Rabbane,Men,,,,true,2025-09-18 18:30:35.27956+00,2025-09-18 18:30:35.27956+00
721,4603,Xs Pure,151,Paco Rabbane,Men,,,,true,2025-09-18 18:30:35.27956+00,2025-09-18 18:30:35.27956+00
722,4604,Xs Black,151,Paco Rabbane,Men,,,,true,2025-09-18 18:30:35.27956+00,2025-09-18 18:30:35.27956+00
723,4605,Phantom,151,Paco Rabbane,Men,,,,true,2025-09-18 18:30:35.27956+00,2025-09-18 18:30:35.27956+00
724,4606,Invictus,151,Paco Rabbane,Men,,,,true,2025-09-18 18:30:35.27956+00,2025-09-18 18:30:35.27956+00
725,4607,Invictus Victory,151,Paco Rabbane,Men,,,,true,2025-09-18 18:30:35.27956+00,2025-09-18 18:30:35.27956+00
726,4608,Invictus Platinium,151,Paco Rabbane,Men,,,,true,2025-09-18 18:30:35.27956+00,2025-09-18 18:30:35.27956+00
727,4609,1 Million,151,Paco Rabbane,Men,,,,true,2025-09-18 18:30:35.27956+00,2025-09-18 18:30:35.27956+00
728,4610,1 Million Royal,151,Paco Rabbane,Men,,,,true,2025-09-18 18:30:35.27956+00,2025-09-18 18:30:35.27956+00
729,4611,1 Million Lucky,151,Paco Rabbane,Men,,,,true,2025-09-18 18:30:35.27956+00,2025-09-18 18:30:35.27956+00
730,4612,1 Million Elixir,151,Paco Rabbane,Men,,,,true,2025-09-18 18:30:35.27956+00,2025-09-18 18:30:35.27956+00
731,5101,Le Beau,114,Jean Paul Gaultier,Men,,,,true,2025-09-18 18:30:35.27956+00,2025-09-18 18:30:35.27956+00
732,5102,Eau Du Matin,114,Jean Paul Gaultier,Men,,,,true,2025-09-18 18:30:35.27956+00,2025-09-18 18:30:35.27956+00
733,5103,Scandal,114,Jean Paul Gaultier,Men,,,,true,2025-09-18 18:30:35.27956+00,2025-09-18 18:30:35.27956+00
734,5104,Le Male,114,Jean Paul Gaultier,Men,,,,true,2025-09-18 18:30:35.36484+00,2025-09-18 18:30:35.36484+00
735,5105,Le Male Elixir,114,Jean Paul Gaultier,Men,,,,true,2025-09-18 18:30:35.36484+00,2025-09-18 18:30:35.36484+00
736,5106,Ultra Male,114,Jean Paul Gaultier,Men,,,,true,2025-09-18 18:30:35.36484+00,2025-09-18 18:30:35.36484+00
737,5107,Dolce&Gabbana The One,129,Dolce&Gabbana,Men,,,,true,2025-09-18 18:30:35.36484+00,2025-09-18 18:30:35.36484+00
738,5108,Dolce&Gabbana The One Grey,129,Dolce&Gabbana,Men,,,,true,2025-09-18 18:30:35.36484+00,2025-09-18 18:30:35.36484+00
739,5109,Dolce&Gabbana Layl Malaki,129,Dolce&Gabbana,Men,,,,true,2025-09-18 18:30:35.36484+00,2025-09-18 18:30:35.36484+00
740,5110,Dolce&Gabbana Layl Malaki V2,129,Dolce&Gabbana,Men,,,,true,2025-09-18 18:30:35.36484+00,2025-09-18 18:30:35.36484+00
741,5111,Dolce&Gabbana Layl Sihri,129,Dolce&Gabbana,Men,,,,true,2025-09-18 18:30:35.36484+00,2025-09-18 18:30:35.36484+00
742,5112,Dolce&Gabbana King,129,Dolce&Gabbana,Men,,,,true,2025-09-18 18:30:35.36484+00,2025-09-18 18:30:35.36484+00
743,5113,Light Blue Intense,129,Dolce&Gabbana,Men,,,,true,2025-09-18 18:30:35.36484+00,2025-09-18 18:30:35.36484+00
744,5114,Jean Paul Gautier Le Beau Paradise Garden,114,Jean Paul Gaultier,Men,,,,true,2025-09-18 18:30:35.36484+00,2025-09-18 18:30:35.36484+00
745,5115,Jean Paul Gautier Scandal Absolut -H-,114,Jean Paul Gaultier,Men,,,,true,2025-09-18 18:30:35.36484+00,2025-09-18 18:30:35.36484+00
746,5116,Light Blue Forever -H-,143,Calvin Klein,Men,,,,true,2025-09-18 18:30:35.36484+00,2025-09-18 18:30:35.36484+00
747,5201,Bois Dargent,110,Dior,Men,,,,true,2025-09-18 18:30:35.36484+00,2025-09-18 18:30:35.36484+00
748,5202,Gris Montain,110,Dior,Men,,,,true,2025-09-18 18:30:35.36484+00,2025-09-18 18:30:35.36484+00
749,5203,Colle Noir,110,Dior,Men,,,,true,2025-09-18 18:30:35.36484+00,2025-09-18 18:30:35.36484+00
750,5204,Ambre Nuit,110,Dior,Men,,,,true,2025-09-18 18:30:35.36484+00,2025-09-18 18:30:35.36484+00
751,5205,Sauvage,110,Dior,Men,,,,true,2025-09-18 18:30:35.36484+00,2025-09-18 18:30:35.36484+00
752,5206,Sauvage Elixir,110,Dior,Men,,,,true,2025-09-18 18:30:35.36484+00,2025-09-18 18:30:35.36484+00
753,5207,Eau Sauvage,110,Dior,Men,,,,true,2025-09-18 18:30:35.36484+00,2025-09-18 18:30:35.36484+00
754,5208,Intense,110,Dior,Men,,,,true,2025-09-18 18:30:35.36484+00,2025-09-18 18:30:35.36484+00
755,5209,Dior Homme Sport,110,Dior,Men,,,,true,2025-09-18 18:30:35.36484+00,2025-09-18 18:30:35.36484+00
756,5210,Cologne,110,Dior,Men,,,,true,2025-09-18 18:30:35.36484+00,2025-09-18 18:30:35.36484+00
757,5211,Fahrenheit,110,Dior,Men,,,,true,2025-09-18 18:30:35.36484+00,2025-09-18 18:30:35.36484+00
758,5212,Aqua Fahrenheit,110,Dior,Men,,,,true,2025-09-18 18:30:35.36484+00,2025-09-18 18:30:35.36484+00
759,5301,Stronger With You Oud,120,Armani,Men,,,,true,2025-09-18 18:30:35.36484+00,2025-09-18 18:30:35.36484+00
760,5302,Stronger With You Leather,120,Armani,Men,,,,true,2025-09-18 18:30:35.36484+00,2025-09-18 18:30:35.36484+00
761,5303,Stronger With You,120,Armani,Men,,,,true,2025-09-18 18:30:35.36484+00,2025-09-18 18:30:35.36484+00
762,5304,Aqua Di Gio,120,Armani,Men,,,,true,2025-09-18 18:30:35.36484+00,2025-09-18 18:30:35.36484+00
763,5305,Code,120,Armani,Men,,,,true,2025-09-18 18:30:35.36484+00,2025-09-18 18:30:35.36484+00
764,5306,Code Profumo,120,Armani,Men,,,,true,2025-09-18 18:30:35.36484+00,2025-09-18 18:30:35.36484+00
765,5307,Aqua Profondo,120,Armani,Men,,,,true,2025-09-18 18:30:35.36484+00,2025-09-18 18:30:35.36484+00
766,5308,Aqua Profumo,120,Armani,Men,,,,true,2025-09-18 18:30:35.36484+00,2025-09-18 18:30:35.36484+00
767,5309,Erba Gold,170,Sospiro,Men,,,,true,2025-09-18 18:30:35.36484+00,2025-09-18 18:30:35.36484+00
768,5310,Erba Pura,170,Sospiro,Men,,,,true,2025-09-18 18:30:35.36484+00,2025-09-18 18:30:35.36484+00
769,5311,Stronger With You Intensly,120,Armani,Men,,,,true,2025-09-18 18:30:35.36484+00,2025-09-18 18:30:35.36484+00
770,5401,Black Orchid,158,Tom Ford,Men,,,,true,2025-09-18 18:30:35.36484+00,2025-09-18 18:30:35.36484+00
771,5402,Black Tom Ford,158,Tom Ford,Men,,,,true,2025-09-18 18:30:35.36484+00,2025-09-18 18:30:35.36484+00
772,5403,Velvet Orchid,158,Tom Ford,Men,,,,true,2025-09-18 18:30:35.36484+00,2025-09-18 18:30:35.36484+00
773,5404,Fucking Fabulous,158,Tom Ford,Men,,,,true,2025-09-18 18:30:35.36484+00,2025-09-18 18:30:35.36484+00
774,5405,Kourous,127,Yves Saint Laurent,Men,,,,true,2025-09-18 18:30:35.36484+00,2025-09-18 18:30:35.36484+00
775,5406,Body Kourous,127,Yves Saint Laurent,Men,,,,true,2025-09-18 18:30:35.36484+00,2025-09-18 18:30:35.36484+00
776,5407,La Nuit De Lhomme,127,Yves Saint Laurent,Men,,,,true,2025-09-18 18:30:35.36484+00,2025-09-18 18:30:35.36484+00
777,5408,Ysl La Nuit De Lhomme Lelectric,127,Yves Saint Laurent,Men,,,,true,2025-09-18 18:30:35.36484+00,2025-09-18 18:30:35.36484+00
778,5409,Y,127,Yves Saint Laurent,Men,,,,true,2025-09-18 18:30:35.36484+00,2025-09-18 18:30:35.36484+00
779,5410,Lhomme Libre,127,Yves Saint Laurent,Men,,,,true,2025-09-18 18:30:35.36484+00,2025-09-18 18:30:35.36484+00
780,5411,Lhomme,127,Yves Saint Laurent,Men,,,,true,2025-09-18 18:30:35.36484+00,2025-09-18 18:30:35.36484+00
781,5412,Y Le Parfum,127,Yves Saint Laurent,Men,,,,true,2025-09-18 18:30:35.36484+00,2025-09-18 18:30:35.36484+00
782,5413,Myself,127,Yves Saint Laurent,Men,,,,true,2025-09-18 18:30:35.36484+00,2025-09-18 18:30:35.36484+00
783,5501,Eternity,143,Calvin Klein,Men,,,,true,2025-09-18 18:30:35.36484+00,2025-09-18 18:30:35.36484+00
784,5502,Eternity Flame,143,Calvin Klein,Men,,,,true,2025-09-18 18:30:35.47929+00,2025-09-18 18:30:35.47929+00
785,5503,Ck One,143,Calvin Klein,Men,,,,true,2025-09-18 18:30:35.47929+00,2025-09-18 18:30:35.47929+00
786,5504,The Scent,150,Hugo Boss,Men,,,,true,2025-09-18 18:30:35.47929+00,2025-09-18 18:30:35.47929+00
787,5505,Urban Journey,150,Hugo Boss,Men,,,,true,2025-09-18 18:30:35.47929+00,2025-09-18 18:30:35.47929+00
788,5506,Orange,150,Hugo Boss,Men,,,,true,2025-09-18 18:30:35.47929+00,2025-09-18 18:30:35.47929+00
789,5507,Botled,150,Hugo Boss,Men,,,,true,2025-09-18 18:30:35.47929+00,2025-09-18 18:30:35.47929+00
790,5508,Botled Intense,150,Hugo Boss,Men,,,,true,2025-09-18 18:30:35.47929+00,2025-09-18 18:30:35.47929+00
791,5509,Botled Marine,150,Hugo Boss,Men,,,,true,2025-09-18 18:30:35.47929+00,2025-09-18 18:30:35.47929+00
792,5510,Orange Charity,150,Hugo Boss,Men,,,,true,2025-09-18 18:30:35.47929+00,2025-09-18 18:30:35.47929+00
793,5511,Hugo,150,Hugo Boss,Men,,,,true,2025-09-18 18:30:35.47929+00,2025-09-18 18:30:35.47929+00
794,5601,Coco Vanille,171,Mancera,Men,,,,true,2025-09-18 18:30:35.47929+00,2025-09-18 18:30:35.47929+00
795,5602,Rose Vanille,171,Mancera,Men,,,,true,2025-09-18 18:30:35.47929+00,2025-09-18 18:30:35.47929+00
796,5603,Rose Greedy,171,Mancera,Men,,,,true,2025-09-18 18:30:35.47929+00,2025-09-18 18:30:35.47929+00
797,5604,Gold Intens Oud,171,Mancera,Men,,,,true,2025-09-18 18:30:35.47929+00,2025-09-18 18:30:35.47929+00
798,5605,Melody Of The Sun,171,Mancera,Men,,,,true,2025-09-18 18:30:35.47929+00,2025-09-18 18:30:35.47929+00
799,5606,Black Vanille,171,Mancera,Men,,,,true,2025-09-18 18:30:35.47929+00,2025-09-18 18:30:35.47929+00
800,5607,Black Gold,171,Mancera,Men,,,,true,2025-09-18 18:30:35.47929+00,2025-09-18 18:30:35.47929+00
801,5608,Boy,153,Chanel,Men,,,,true,2025-09-18 18:30:35.47929+00,2025-09-18 18:30:35.47929+00
802,5609,Allure Homme Sport,153,Chanel,Men,,,,true,2025-09-18 18:30:35.47929+00,2025-09-18 18:30:35.47929+00
803,5610,Alure Edition Blanche,153,Chanel,Men,,,,true,2025-09-18 18:30:35.47929+00,2025-09-18 18:30:35.47929+00
804,5611,Egoiste Platinium,153,Chanel,Men,,,,true,2025-09-18 18:30:35.47929+00,2025-09-18 18:30:35.47929+00
805,5612,Bleu,153,Chanel,Men,,,,true,2025-09-18 18:30:35.47929+00,2025-09-18 18:30:35.47929+00
806,5613,Antaeus,153,Chanel,Men,,,,true,2025-09-18 18:30:35.47929+00,2025-09-18 18:30:35.47929+00
807,5701,Classique,102,Azzaro,Men,,,,true,2025-09-18 18:30:35.47929+00,2025-09-18 18:30:35.47929+00
808,5702,Chrome,102,Azzaro,Men,,,,true,2025-09-18 18:30:35.47929+00,2025-09-18 18:30:35.47929+00
809,5703,Wanted,102,Azzaro,Men,,,,true,2025-09-18 18:30:35.47929+00,2025-09-18 18:30:35.47929+00
810,5704,The Most Wanted,102,Azzaro,Men,,,,true,2025-09-18 18:30:35.47929+00,2025-09-18 18:30:35.47929+00
811,5705,Wanted Tonic,102,Azzaro,Men,,,,true,2025-09-18 18:30:35.47929+00,2025-09-18 18:30:35.47929+00
812,5706,Sport,102,Azzaro,Men,,,,true,2025-09-18 18:30:35.47929+00,2025-09-18 18:30:35.47929+00
813,5707,Noir,128,Lacoste,Men,,,,true,2025-09-18 18:30:35.47929+00,2025-09-18 18:30:35.47929+00
814,5708,Blanc,128,Lacoste,Men,,,,true,2025-09-18 18:30:35.47929+00,2025-09-18 18:30:35.47929+00
815,5709,Bleu,128,Lacoste,Men,,,,true,2025-09-18 18:30:35.47929+00,2025-09-18 18:30:35.47929+00
816,5710,Lhomme Intens,128,Lacoste,Men,,,,true,2025-09-18 18:30:35.47929+00,2025-09-18 18:30:35.47929+00
817,5711,Booster,128,Lacoste,Men,,,,true,2025-09-18 18:30:35.47929+00,2025-09-18 18:30:35.47929+00
818,5712,Men,152,Shalis,Men,,,,true,2025-09-18 18:30:35.47929+00,2025-09-18 18:30:35.47929+00
819,5713,Original,128,Lacoste,Men,,,,true,2025-09-18 18:30:35.47929+00,2025-09-18 18:30:35.47929+00
820,6101,Sculpture,172,Nicos,Men,,,,true,2025-09-18 18:30:35.47929+00,2025-09-18 18:30:35.47929+00
821,6102,Whisky Silver,173,Evaflor,Men,,,,true,2025-09-18 18:30:35.47929+00,2025-09-18 18:30:35.47929+00
822,6103,Viking,174,Creed,Men,,,,true,2025-09-18 18:30:35.47929+00,2025-09-18 18:30:35.47929+00
823,6104,Aventus,174,Creed,Men,,,,true,2025-09-18 18:30:35.47929+00,2025-09-18 18:30:35.47929+00
824,6105,Bulgari,101,Bvlgari,Men,,,,true,2025-09-18 18:30:35.47929+00,2025-09-18 18:30:35.47929+00
825,6106,Champion,141,Davidoff,Men,,,,true,2025-09-18 18:30:35.47929+00,2025-09-18 18:30:35.47929+00
826,6107,Voyage,175,Nautica,Men,,,,true,2025-09-18 18:30:35.47929+00,2025-09-18 18:30:35.47929+00
827,6108,Rochas,116,Rochas,Men,,,,true,2025-09-18 18:30:35.47929+00,2025-09-18 18:30:35.47929+00
828,6109,Lapidus,176,Ted Lapidus,Men,,,,true,2025-09-18 18:30:35.47929+00,2025-09-18 18:30:35.47929+00
829,6110,Chairman,100,Yves De Sistelle,Men,,,,true,2025-09-18 18:30:35.47929+00,2025-09-18 18:30:35.47929+00
830,6111,Dalal,,,Men,,,,true,2025-09-18 18:30:35.47929+00,2025-09-18 18:30:35.47929+00
831,6201,Black Scuderia,177,Ferrari,Men,,,,true,2025-09-18 18:30:35.47929+00,2025-09-18 18:30:35.47929+00
832,6202,Jimmy Show Men Blue,97,Jimmy Choo,Men,,,,true,2025-09-18 18:30:35.47929+00,2025-09-18 18:30:35.47929+00
833,6203,Declaration,136,Cartier,Men,,,,true,2025-09-18 18:30:35.47929+00,2025-09-18 18:30:35.47929+00
834,6204,Blue Seduction,178,Antonio Banderas,Men,,,,true,2025-09-18 18:30:35.573415+00,2025-09-18 18:30:35.573415+00
835,6205,Tobacco,106,Zara,Men,,,,true,2025-09-18 18:30:35.573415+00,2025-09-18 18:30:35.573415+00
836,6206,Gold,106,Zara,Men,,,,true,2025-09-18 18:30:35.573415+00,2025-09-18 18:30:35.573415+00
837,6207,Vibrant Leather,106,Zara,Men,,,,true,2025-09-18 18:30:35.573415+00,2025-09-18 18:30:35.573415+00
838,6208,Desir For Men,179,Denhil,Men,,,,true,2025-09-18 18:30:35.573415+00,2025-09-18 18:30:35.573415+00
839,6209,Desir Blue,179,Denhil,Men,,,,true,2025-09-18 18:30:35.573415+00,2025-09-18 18:30:35.573415+00
840,6210,Leau Dessey Sport,180,Issey Miyake,Men,,,,true,2025-09-18 18:30:35.573415+00,2025-09-18 18:30:35.573415+00
841,6211,Leau Dessey Leau Super Majeur,180,Issey Miyake,Men,,,,true,2025-09-18 18:30:35.573415+00,2025-09-18 18:30:35.573415+00
842,6301,Heliotrope,181,Etro,Men,,,,true,2025-09-18 18:30:35.573415+00,2025-09-18 18:30:35.573415+00
843,6302,Joop Night Flight,182,Joop!,Men,,,,true,2025-09-18 18:30:35.573415+00,2025-09-18 18:30:35.573415+00
844,6303,Drakar Noir,183,Guy Laroche,Men,,,,true,2025-09-18 18:30:35.573415+00,2025-09-18 18:30:35.573415+00
845,6304,Caron,184,Caron,Men,,,,true,2025-09-18 18:30:35.573415+00,2025-09-18 18:30:35.573415+00
846,6305,Legend,185,Mont Blanc,Men,,,,true,2025-09-18 18:30:35.573415+00,2025-09-18 18:30:35.573415+00
847,6306,Happy,186,Clinique,Men,,,,true,2025-09-18 18:30:35.573415+00,2025-09-18 18:30:35.573415+00
848,6307,Eros,108,Versace,Men,,,,true,2025-09-18 18:30:35.573415+00,2025-09-18 18:30:35.573415+00
849,6308,Roma,,,Men,,,,true,2025-09-18 18:30:35.573415+00,2025-09-18 18:30:35.573415+00
850,6309,Angelman,,,Men,,,,true,2025-09-18 18:30:35.573415+00,2025-09-18 18:30:35.573415+00
851,6310,Night,148,Kenzo,Men,,,,true,2025-09-18 18:30:35.573415+00,2025-09-18 18:30:35.573415+00
852,6311,Men In Black Bulgari,101,Bvlgari,Men,,,,true,2025-09-18 18:30:35.573415+00,2025-09-18 18:30:35.573415+00
853,6401,Sport,163,Polo,Men,,,,true,2025-09-18 18:30:35.573415+00,2025-09-18 18:30:35.573415+00
854,6402,Bleu,163,Polo,Men,,,,true,2025-09-18 18:30:35.573415+00,2025-09-18 18:30:35.573415+00
855,6403,Ultra Bleu,163,Polo,Men,,,,true,2025-09-18 18:30:35.573415+00,2025-09-18 18:30:35.573415+00
856,6404,Terre d'Hermès,135,Hermes,Men,,,,true,2025-09-18 18:30:35.573415+00,2025-09-18 18:30:35.573415+00
857,6405,Eau De Narcisse Bleu,135,Hermes,Men,,,,true,2025-09-18 18:30:35.573415+00,2025-09-18 18:30:35.573415+00
858,6406,London,117,Burberry,Men,,,,true,2025-09-18 18:30:35.573415+00,2025-09-18 18:30:35.573415+00
859,6407,Hero,117,Burberry,Men,,,,true,2025-09-18 18:30:35.573415+00,2025-09-18 18:30:35.573415+00
860,6408,212 Vip Men,145,Carolina Herrera,Men,,,,true,2025-09-18 18:30:35.573415+00,2025-09-18 18:30:35.573415+00
861,6409,King,145,Carolina Herrera,Men,,,,true,2025-09-18 18:30:35.573415+00,2025-09-18 18:30:35.573415+00
862,6410,212 Men,145,Carolina Herrera,Men,,,,true,2025-09-18 18:30:35.573415+00,2025-09-18 18:30:35.573415+00
863,6411,Heroes,145,Carolina Herrera,Men,,,,true,2025-09-18 18:30:35.573415+00,2025-09-18 18:30:35.573415+00
864,6412,Mr,117,Burberry,Men,,,,true,2025-09-18 18:30:35.573415+00,2025-09-18 18:30:35.573415+00
865,6501,Red Legend,185,Mont Blanc,Men,,,,true,2025-09-18 18:30:35.573415+00,2025-09-18 18:30:35.573415+00
866,6502,Valentino,187,Valentino,Men,,,,true,2025-09-18 18:30:35.573415+00,2025-09-18 18:30:35.573415+00
867,6503,V,187,Valentino,Men,,,,true,2025-09-18 18:30:35.573415+00,2025-09-18 18:30:35.573415+00
868,6504,Vomo,187,Valentino,Men,,,,true,2025-09-18 18:30:35.573415+00,2025-09-18 18:30:35.573415+00
869,6505,Pi,142,Givenchy,Men,,,,true,2025-09-18 18:30:35.573415+00,2025-09-18 18:30:35.573415+00
870,6506,Only Gentlemen,142,Givenchy,Men,,,,true,2025-09-18 18:30:35.573415+00,2025-09-18 18:30:35.573415+00
871,6507,Gentlemen Society,142,Givenchy,Men,,,,true,2025-09-18 18:30:35.573415+00,2025-09-18 18:30:35.573415+00
872,6508,Gentlemen,142,Givenchy,Men,,,,true,2025-09-18 18:30:35.573415+00,2025-09-18 18:30:35.573415+00
873,6509,Play,142,Givenchy,Men,,,,true,2025-09-18 18:30:35.573415+00,2025-09-18 18:30:35.573415+00
874,6510,Guilty,107,Gucci,Men,,,,true,2025-09-18 18:30:35.573415+00,2025-09-18 18:30:35.573415+00
875,6511,Homme,107,Gucci,Men,,,,true,2025-09-18 18:30:35.573415+00,2025-09-18 18:30:35.573415+00
876,6512,Omo Born In Roma,187,Valentino,Men,,,,true,2025-09-18 18:30:35.573415+00,2025-09-18 18:30:35.573415+00
877,6513,Gentlemen Reserve Prive,142,Givenchy,Men,,,,true,2025-09-18 18:30:35.573415+00,2025-09-18 18:30:35.573415+00
878,6601,Eau De Passion,134,Franck Olivier,Men,,,,true,2025-09-18 18:30:35.573415+00,2025-09-18 18:30:35.573415+00
879,6602,Sun Java,134,Franck Olivier,Men,,,,true,2025-09-18 18:30:35.573415+00,2025-09-18 18:30:35.573415+00
880,6603,Sun Java White,134,Franck Olivier,Men,,,,true,2025-09-18 18:30:35.573415+00,2025-09-18 18:30:35.573415+00
881,6604,Iesel,95,Diesel,Men,,,,true,2025-09-18 18:30:35.573415+00,2025-09-18 18:30:35.573415+00
882,6605,Fuel For Life,95,Diesel,Men,,,,true,2025-09-18 18:30:35.573415+00,2025-09-18 18:30:35.573415+00
883,6606,Lhomme Ideal,144,Guerlain,Men,,,,true,2025-09-18 18:30:35.573415+00,2025-09-18 18:30:35.573415+00
884,6607,Linstant,144,Guerlain,Men,,,,true,2025-09-18 18:30:35.653306+00,2025-09-18 18:30:35.653306+00
885,6608,Habit Rouge,144,Guerlain,Men,,,,true,2025-09-18 18:30:35.653306+00,2025-09-18 18:30:35.653306+00
886,6609,1881,103,Cerruti,Men,,,,true,2025-09-18 18:30:35.653306+00,2025-09-18 18:30:35.653306+00
887,6610,Image,103,Cerruti,Men,,,,true,2025-09-18 18:30:35.653306+00,2025-09-18 18:30:35.653306+00
888,6611,Only The Brave,95,Diesel,Men,,,,true,2025-09-18 18:30:35.653306+00,2025-09-18 18:30:35.653306+00
889,3616,Symphony,154,Luis Vuitton,Mixte,,,,true,2025-09-18 18:30:35.653306+00,2025-09-18 18:30:35.653306+00
901,4314,Grand Soir,161,Kurkidjian,Mixte,,,photos/Fragrances/Grand Soir.avif,true,2025-10-14 14:35:06.747006+00,2025-10-14 14:35:06.747006+00
902,3113,Quatre,139,Boucheron,Women,,,photos/Fragrances/Quatre.avif,true,2025-10-14 15:13:07.290804+00,2025-10-14 15:13:07.290804+00